CandProf,Static,Candid,Fn
7816842,1,1857630,1857630
7816840,1,1857629,1857629
7816838,1,1857628,1857628
7816835,1,1857627,1857627
7816832,1,1857626,1857626
7816831,1,1857625,1857625
7816829,1,1857624,1857624
7816825,1,1857623,1857623
7816823,1,1857622,1857622
7816821,1,1857621,1857621
7816819,1,1857620,1857620
7816814,1,1857619,1857619
7816812,1,1857618,1857618
7816810,1,1857617,1857617
7816808,1,1857616,1857616
7816805,1,1857615,1857615
7816803,1,1857614,1857614
7816799,1,1857613,1857613
7816797,1,1857612,1857612
7816795,1,1857611,1857611
7816792,1,1857610,1857610
7816790,1,1857609,1857609
7816781,1,1857608,1857608
7816779,1,1857607,1857607
7816777,1,1857606,1857606
7816775,1,1857605,1857605
7816772,1,1857604,1857604
7816770,1,1857603,1857603
7816765,1,1857602,1857602
7816762,1,1857601,1857601
7816760,1,1857600,1857600
7816757,1,1857599,1857599
7816749,1,1857598,1857598
7816747,1,1857597,1857597
7816745,1,1857596,1857596
7816742,1,1857595,1857595
7816740,1,1857594,1857594
7816738,1,1857593,1857593
7816735,1,1857592,1857592
7816733,1,1857591,1857591
7816728,1,1857590,1857590
7816726,1,1857589,1857589
7816723,1,1857588,1857588
7816721,1,1857587,1857587
7816719,1,1857586,1857586
7816716,1,1857585,1857585
7816711,1,1857584,1857584
7816707,1,1857583,1857583
7816705,1,1857582,1857582
7816703,1,1857581,1857581
7816701,1,1857580,1857580
7816697,1,1857579,1857579
7816695,1,1857578,1857578
7816693,1,1857577,1857577
7816691,1,1857576,1857576
7816689,1,1857575,1857575
7816684,1,1857574,1857574
7816682,1,1857573,1857573
7816680,1,1857572,1857572
7816677,1,1857571,1857571
7816675,1,1857570,1857570
7816673,1,1857569,1857569
7816670,1,1857568,1857568
7816668,1,1857567,1857567
7816666,1,1857566,1857566
7816654,1,1857565,1857565
7816651,1,1857564,1857564
7816648,1,1857563,1857563
7816645,1,1857562,1857562
7816642,1,1857561,1857561
7816640,1,1857560,1857560
7816634,1,1857559,1857559
7816632,1,1857558,1857558
7816628,1,1857557,1857557
7816626,1,1857556,1857556
7816623,1,1857555,1857555
7816616,1,1857554,1857554
7816611,1,1857553,1857553
7816609,1,1857552,1857552
7816604,1,1857551,1857551
7816603,1,1857550,1857550
7816591,1,1857549,1857549
7816586,1,1857548,1857548
7816583,1,1857547,1857547
7816581,1,1857546,1857546
7816577,1,1857545,1857545
7816571,1,1857544,1857544
7816569,1,1857543,1857543
7816567,1,1857542,1857542
7816565,1,1857541,1857541
7816562,1,1857540,1857540
7816560,1,1857539,1857539
7816558,1,1857538,1857538
7816556,1,1857537,1857537
7816552,1,1857536,1857536
7816550,1,1857535,1857535
7816548,1,1857534,1857534
7816546,1,1857533,1857533
7816544,1,1857532,1857532
7816542,1,1857531,1857531
7816537,1,1857530,1857530
7816534,1,1857529,1857529
7816532,1,1857528,1857528
7816530,1,1857527,1857527
7816525,1,1857526,1857526
7816522,1,1857525,1857525
7816519,1,1857524,1857524
7816517,1,1857523,1857523
7816515,1,1857521,1857521
7816512,1,1857520,1857520
7816503,1,1857519,1857519
7816495,1,1857518,1857518
7816491,1,1857517,1857517
7816489,1,1857516,1857516
7816487,1,1857515,1857515
7816484,1,1857514,1857514
7816481,1,1857513,1857513
7816479,1,1857512,1857512
7816477,1,1857511,1857511
7816474,1,1857510,1857510
7816472,1,1857509,1857509
7816469,1,1857508,1857508
7816467,1,1857507,1857507
7816464,1,1857506,1857506
7816460,1,1857505,1857505
7816457,1,1857504,1857504
7816455,1,1857503,1857503
7816449,1,1857502,1857502
7816447,1,1857501,1857501
7816442,1,1857500,1857500
7816440,1,1857499,1857499
7816438,1,1857498,1857498
7816430,1,1857497,1857497
7816408,1,1857496,1857496
7816385,1,1857495,1857495
7816382,1,1857494,1857494
7816381,1,1857493,1857493
7816363,1,1857492,1857492
7816358,1,1857491,1857491
7816355,1,1857490,1857490
7816349,1,1857489,1857489
7816347,1,1857488,1857488
7816344,1,1857487,1857487
7816342,1,1857486,1857486
7816339,1,1857485,1857485
7816337,1,1857484,1857484
7816333,1,1857483,1857483
7816331,1,1857482,1857482
7816329,1,1857481,1857481
7816321,1,1857480,1857480
7816319,1,1857479,1857479
7816317,1,1857478,1857478
7816315,1,1857477,1857477
7816312,1,1857476,1857476
7816309,1,1857475,1857475
7816307,1,1857474,1857474
7816293,1,1857473,1857473
7816291,1,1857472,1857472
7816288,1,1857471,1857471
7816286,1,1857470,1857470
7816283,1,1857469,1857469
7816281,1,1857468,1857468
7816261,1,1857467,1857467
7816258,1,1857466,1857466
7816256,1,1857465,1857465
7816221,1,1857464,1857464
7816218,1,1857463,1857463
7816202,1,1857462,1857462
7816196,1,1857461,1857461
7816182,1,1857460,1857460
7816172,1,1857459,1857459
7816169,1,1857458,1857458
7816167,1,1857457,1857457
7816161,1,1857456,1857456
7816159,1,1857455,1857455
7816157,1,1857454,1857454
7816155,1,1857453,1857453
7816153,1,1857452,1857452
7816149,1,1857451,1857451
7816147,1,1857450,1857450
7816145,1,1857449,1857449
7816143,1,1857448,1857448
7816141,1,1857447,1857447
7816139,1,1857446,1857446
7816137,1,1857445,1857445
7816135,1,1857444,1857444
7816132,1,1857443,1857443
7816130,1,1857442,1857442
7816128,1,1857441,1857441
7816126,1,1857440,1857440
7816124,1,1857439,1857439
7816122,1,1857438,1857438
7816120,1,1857437,1857437
7816118,1,1857436,1857436
7816116,1,1857435,1857435
7816113,1,1857434,1857434
7816111,1,1857433,1857433
7816106,1,1857432,1857432
7816093,1,1857431,1857431
7816089,1,1857430,1857430
7816087,1,1857429,1857429
7816085,1,1857428,1857428
7816082,1,1857427,1857427
7816080,1,1857426,1857426
7816078,1,1857425,1857425
7816075,1,1857424,1857424
7816073,1,1857423,1857423
7816071,1,1857422,1857422
7816069,1,1857421,1857421
7816067,1,1857420,1857420
7816065,1,1857419,1857419
7816062,1,1857418,1857418
7816059,1,1857417,1857417
7816057,1,1857416,1857416
7816055,1,1857415,1857415
7816053,1,1857414,1857414
7816051,1,1857413,1857413
7816048,1,1857412,1857412
7816046,1,1857411,1857411
7816044,1,1857410,1857410
7816042,1,1857409,1857409
7816037,1,1857408,1857408
7816035,1,1857407,1857407
7816033,1,1857406,1857406
7816031,1,1857405,1857405
7816029,1,1857404,1857404
7816027,1,1857403,1857403
7816025,1,1857402,1857402
7816023,1,1857401,1857401
7816019,1,1857400,1857400
7816017,1,1857399,1857399
7816011,1,1857398,1857398
7816009,1,1857397,1857397
7816007,1,1857396,1857396
7816004,1,1857395,1857395
7816002,1,1857394,1857394
7816000,1,1857393,1857393
7815998,1,1857392,1857392
7815996,1,1857391,1857391
7815994,1,1857390,1857390
7815992,1,1857389,1857389
7815990,1,1857388,1857388
7815988,1,1857387,1857387
7815986,1,1857386,1857386
7815984,1,1857385,1857385
7815982,1,1857384,1857384
7815975,1,1857383,1857383
7815973,1,1857382,1857382
7815971,1,1857381,1857381
7815969,1,1857380,1857380
7815964,1,1857379,1857379
7815960,1,1857378,1857378
7815956,1,1857377,1857377
7815954,1,1857376,1857376
7815952,1,1857375,1857375
7815950,1,1857374,1857374
7815944,1,1857373,1857373
7815942,1,1857372,1857372
7815940,1,1857371,1857371
7815938,1,1857370,1857370
7815936,1,1857369,1857369
7815934,1,1857368,1857368
7815932,1,1857367,1857367
7815930,1,1857366,1857366
7815928,1,1857365,1857365
7815923,1,1857364,1857364
7815917,1,1857363,1857363
7815914,1,1857362,1857362
7815911,1,1857361,1857361
7815909,1,1857360,1857360
7815907,1,1857359,1857359
7815905,1,1857358,1857358
7815903,1,1857357,1857357
7815901,1,1857356,1857356
7815898,1,1857355,1857355
7815896,1,1857354,1857354
7815893,1,1857353,1857353
7815891,1,1857352,1857352
7815889,1,1857351,1857351
7815887,1,1857350,1857350
7815885,1,1857349,1857349
7815883,1,1857348,1857348
7815878,1,1857347,1857347
7815876,1,1857346,1857346
7815871,1,1857345,1857345
7815869,1,1857344,1857344
7815867,1,1857343,1857343
7815864,1,1857342,1857342
7815862,1,1857341,1857341
7815860,1,1857340,1857340
7815855,1,1857339,1857339
7815853,1,1857338,1857338
7815851,1,1857337,1857337
7815849,1,1857336,1857336
7815847,1,1857335,1857335
7815845,1,1857334,1857334
7815843,1,1857333,1857333
7815841,1,1857332,1857332
7815839,1,1857331,1857331
7815837,1,1857330,1857330
7815835,1,1857329,1857329
7815833,1,1857328,1857328
7815830,1,1857327,1857327
7815828,1,1857326,1857326
7815822,1,1857325,1857325
7815821,1,1857324,1857324
7815819,1,1857323,1857323
7815817,1,1857322,1857322
7815815,1,1857321,1857321
7815812,1,1857320,1857320
7815811,1,1857319,1857319
7815807,1,1857318,1857318
7815806,1,1857317,1857317
7815803,1,1857316,1857316
7815801,1,1857315,1857315
7815798,1,1857314,1857314
7815796,1,1857313,1857313
7815794,1,1857312,1857312
7815791,1,1857311,1857311
7815789,1,1857310,1857310
7815786,1,1857309,1857309
7815784,1,1857308,1857308
7815781,1,1857307,1857307
7815780,1,1857306,1857306
7815778,1,1857305,1857305
7815776,1,1857304,1857304
7815774,1,1857303,1857303
7815772,1,1857302,1857302
7815768,1,1857301,1857301
7815765,1,1857300,1857300
7815761,1,1857299,1857299
7815758,1,1857298,1857298
7815754,1,1857297,1857297
7815752,1,1857296,1857296
7815750,1,1857295,1857295
7815747,1,1857294,1857294
7815745,1,1857293,1857293
7815743,1,1857292,1857292
7815737,1,1857291,1857291
7815735,1,1857290,1857290
7815733,1,1857289,1857289
7815731,1,1857288,1857288
7815729,1,1857287,1857287
7815727,1,1857286,1857286
7815725,1,1857285,1857285
7815720,1,1857284,1857284
7815718,1,1857283,1857283
7815715,1,1857282,1857282
7815713,1,1857281,1857281
7815711,1,1857280,1857280
7815708,1,1857279,1857279
7815706,1,1857278,1857278
7815704,1,1857277,1857277
7815701,1,1857276,1857276
7815697,1,1857275,1857275
7815695,1,1857274,1857274
7815693,1,1857273,1857273
7815691,1,1857272,1857272
7815689,1,1857271,1857271
7815687,1,1857270,1857270
7815685,1,1857269,1857269
7815683,1,1857268,1857268
7815680,1,1857267,1857267
7815678,1,1857266,1857266
7815676,1,1857265,1857265
7815673,1,1857264,1857264
7815671,1,1857263,1857263
7815669,1,1857262,1857262
7815667,1,1857261,1857261
7815664,1,1857260,1857260
7815662,1,1857259,1857259
7815660,1,1857258,1857258
7815658,1,1857257,1857257
7815656,1,1857256,1857256
7815650,1,1857255,1857255
7815648,1,1857254,1857254
7815646,1,1857253,1857253
7815640,1,1857252,1857252
7815638,1,1857251,1857251
7815636,1,1857250,1857250
7815634,1,1857249,1857249
7815632,1,1857248,1857248
7815630,1,1857247,1857247
7815628,1,1857246,1857246
7815626,1,1857245,1857245
7815623,1,1857244,1857244
7815621,1,1857243,1857243
7815619,1,1857242,1857242
7815617,1,1857241,1857241
7815615,1,1857240,1857240
7815613,1,1857239,1857239
7815611,1,1857238,1857238
7815608,1,1857237,1857237
7815606,1,1857236,1857236
7815604,1,1857235,1857235
7815601,1,1857234,1857234
7815599,1,1857233,1857233
7815597,1,1857232,1857232
7815594,1,1857231,1857231
7815591,1,1857230,1857230
7815589,1,1857229,1857229
7815585,1,1857228,1857228
7815583,1,1857227,1857227
7815581,1,1857226,1857226
7815579,1,1857225,1857225
7815577,1,1857224,1857224
7815574,1,1857223,1857223
7815572,1,1857222,1857222
7815566,1,1857221,1857221
7815561,1,1857220,1857220
7815556,1,1857219,1857219
7815552,1,1857218,1857218
7815550,1,1857217,1857217
7815546,1,1857216,1857216
7815543,1,1857215,1857215
7815536,1,1857214,1857214
7815531,1,1857213,1857213
7815528,1,1857212,1857212
7815519,1,1857211,1857211
7815517,1,1857210,1857210
7815515,1,1857209,1857209
7815513,1,1857208,1857208
7815511,1,1857207,1857207
7815508,1,1857206,1857206
7815507,1,1857205,1857205
7815505,1,1857204,1857204
7815502,1,1857203,1857203
7815501,1,1857202,1857202
7815499,1,1857201,1857201
7815497,1,1857200,1857200
7815494,1,1857199,1857199
7815492,1,1857198,1857198
7815489,1,1857197,1857197
7815486,1,1857196,1857196
7815484,1,1857195,1857195
7815481,1,1857194,1857194
7815479,1,1857193,1857193
7815477,1,1857192,1857192
7815475,1,1857191,1857191
7815473,1,1857190,1857190
7815471,1,1857189,1857189
7815468,1,1857188,1857188
7815464,1,1857187,1857187
7815462,1,1857186,1857186
7815460,1,1857185,1857185
7815457,1,1857184,1857184
7815454,1,1857183,1857183
7815452,1,1857182,1857182
7815450,1,1857181,1857181
7815448,1,1857180,1857180
7815446,1,1857179,1857179
7815444,1,1857178,1857178
7815442,1,1857177,1857177
7815440,1,1857176,1857176
7815438,1,1857175,1857175
7815436,1,1857174,1857174
7815434,1,1857173,1857173
7815432,1,1857172,1857172
7815430,1,1857171,1857171
7815428,1,1857170,1857170
7815426,1,1857169,1857169
7815423,1,1857168,1857168
7815421,1,1857167,1857167
7815419,1,1857166,1857166
7815417,1,1857165,1857165
7815415,1,1857164,1857164
7815413,1,1857163,1857163
7815410,1,1857162,1857162
7815408,1,1857161,1857161
7815406,1,1857160,1857160
7815403,1,1857159,1857159
7815401,1,1857158,1857158
7815398,1,1857157,1857157
7815395,1,1857156,1857156
7815393,1,1857155,1857155
7815390,1,1857154,1857154
7815382,1,1857153,1857153
7815379,1,1857152,1857152
7815376,1,1857151,1857151
7815374,1,1857150,1857150
7815372,1,1857149,1857149
7815367,1,1857148,1857148
7815365,1,1857147,1857147
7815363,1,1857146,1857146
7815361,1,1857145,1857145
7815357,1,1857144,1857144
7815355,1,1857143,1857143
7815353,1,1857142,1857142
7815351,1,1857141,1857141
7815349,1,1857140,1857140
7815346,1,1857139,1857139
7815344,1,1857138,1857138
7815342,1,1857137,1857137
7815340,1,1857136,1857136
7815338,1,1857135,1857135
7815334,1,1857134,1857134
7815326,1,1857133,1857133
7815324,1,1857132,1857132
7815319,1,1857131,1857131
7815317,1,1857130,1857130
7815315,1,1857129,1857129
7815313,1,1857128,1857128
7815310,1,1857127,1857127
7815307,1,1857126,1857126
7815305,1,1857125,1857125
7815303,1,1857124,1857124
7815301,1,1857123,1857123
7815298,1,1857122,1857122
7815296,1,1857121,1857121
7815294,1,1857120,1857120
7815290,1,1857119,1857119
7815288,1,1857118,1857118
7815286,1,1857117,1857117
7815284,1,1857116,1857116
7815282,1,1857115,1857115
7815280,1,1857114,1857114
7815278,1,1857113,1857113
7815276,1,1857112,1857112
7815272,1,1857111,1857111
7815269,1,1857110,1857110
7815266,1,1857109,1857109
7815264,1,1857108,1857108
7815262,1,1857107,1857107
7815260,1,1857106,1857106
7815258,1,1857105,1857105
7815256,1,1857104,1857104
7815254,1,1857103,1857103
7815252,1,1857102,1857102
7815250,1,1857101,1857101
7815248,1,1857100,1857100
7815246,1,1857099,1857099
7815244,1,1857098,1857098
7815242,1,1857097,1857097
7815240,1,1857096,1857096
7815238,1,1857095,1857095
7815236,1,1857094,1857094
7815234,1,1857093,1857093
7815232,1,1857092,1857092
7815230,1,1857091,1857091
7815228,1,1857090,1857090
7815226,1,1857089,1857089
7815224,1,1857088,1857088
7815221,1,1857087,1857087
7815219,1,1857086,1857086
7815217,1,1857085,1857085
7815215,1,1857084,1857084
7815213,1,1857083,1857083
7815211,1,1857082,1857082
7815206,1,1857081,1857081
7815204,1,1857080,1857080
7815202,1,1857079,1857079
7815200,1,1857078,1857078
7815198,1,1857077,1857077
7815194,1,1857076,1857076
7815190,1,1857075,1857075
7815188,1,1857074,1857074
7815185,1,1857073,1857073
7815183,1,1857072,1857072
7815181,1,1857071,1857071
7815179,1,1857070,1857070
7815177,1,1857069,1857069
7815172,1,1857068,1857068
7815170,1,1857067,1857067
7815168,1,1857066,1857066
7815163,1,1857065,1857065
7815160,1,1857064,1857064
7815158,1,1857063,1857063
7815155,1,1857062,1857062
7815152,1,1857061,1857061
7815150,1,1857060,1857060
7815148,1,1857059,1857059
7815146,1,1857058,1857058
7815144,1,1857057,1857057
7815142,1,1857056,1857056
7815137,1,1857055,1857055
7815135,1,1857054,1857054
7815131,1,1857053,1857053
7815129,1,1857052,1857052
7815127,1,1857051,1857051
7815125,1,1857050,1857050
7815123,1,1857049,1857049
7815121,1,1857048,1857048
7815118,1,1857047,1857047
7815116,1,1857046,1857046
7815114,1,1857045,1857045
7815112,1,1857044,1857044
7815108,1,1857043,1857043
7815106,1,1857042,1857042
7815104,1,1857041,1857041
7815102,1,1857040,1857040
7815100,1,1857039,1857039
7815098,1,1857038,1857038
7815096,1,1857037,1857037
7815093,1,1857036,1857036
7815089,1,1857035,1857035
7815085,1,1857034,1857034
7815082,1,1857033,1857033
7815078,1,1857032,1857032
7815075,1,1857031,1857031
7815074,1,1857030,1857030
7815072,1,1857029,1857029
7815061,1,1857028,1857028
7815059,1,1857027,1857027
7815048,1,1857026,1857026
7815044,1,1857025,1857025
7815037,1,1857024,1857024
7815030,1,1857023,1857023
7815024,1,1857022,1857022
7815022,1,1857021,1857021
7815010,1,1857020,1857020
7814995,1,1857019,1857019
7814993,1,1857018,1857018
7814981,1,1857017,1857017
7814980,1,1857016,1857016
7814970,1,1857015,1857015
7814966,1,1857014,1857014
7814963,1,1857013,1857013
7814961,1,1857012,1857012
7814942,1,1857011,1857011
7814939,1,1857010,1857010
7814936,1,1857009,1857009
7814930,1,1857008,1857008
7814924,1,1857007,1857007
7814922,1,1857006,1857006
7814919,1,1857005,1857005
7814915,1,1857004,1857004
7814912,1,1857003,1857003
7814908,1,1857002,1857002
7814905,1,1857001,1857001
7814900,1,1857000,1857000
7814895,1,1856999,1856999
7814891,1,1856998,1856998
7814886,1,1856997,1856997
7814883,1,1856996,1856996
7814878,1,1856995,1856995
7814876,1,1856994,1856994
7814872,1,1856993,1856993
7814870,1,1856992,1856992
7814868,1,1856991,1856991
7814864,1,1856990,1856990
7814859,1,1856989,1856989
7814850,1,1856988,1856988
7814848,1,1856987,1856987
7814843,1,1856986,1856986
7814840,1,1856985,1856985
7814836,1,1856984,1856984
7814834,1,1856983,1856983
7814832,1,1856982,1856982
7814824,1,1856981,1856981
7814822,1,1856980,1856980
7814820,1,1856979,1856979
7814818,1,1856978,1856978
7814804,1,1856977,1856977
7814802,1,1856976,1856976
7814799,1,1856975,1856975
7814795,1,1856974,1856974
7814793,1,1856973,1856973
7814790,1,1856972,1856972
7814788,1,1856971,1856971
7814785,1,1856970,1856970
7814779,1,1856969,1856969
7814774,1,1856968,1856968
7814763,1,1856967,1856967
7814761,1,1856966,1856966
7814753,1,1856965,1856965
7814741,1,1856964,1856964
7814737,1,1856963,1856963
7814734,1,1856962,1856962
7814729,1,1856961,1856961
7814727,1,1856960,1856960
7814723,1,1856959,1856959
7814703,1,1856958,1856958
7814702,1,1856957,1856957
7814684,1,1856956,1856956
7814681,1,1856955,1856955
7814679,1,1856954,1856954
7814677,1,1856953,1856953
7814675,1,1856952,1856952
7814668,1,1856951,1856951
7814666,1,1856950,1856950
7814664,1,1856949,1856949
7814660,1,1856948,1856948
7814656,1,1856947,1856947
7814655,1,1856946,1856946
7814653,1,1856945,1856945
7814651,1,1856944,1856944
7814649,1,1856943,1856943
7814646,1,1856942,1856942
7814637,1,1856941,1856941
7814634,1,1856940,1856940
7814632,1,1856939,1856939
7814626,1,1856938,1856938
7814620,1,1856937,1856937
7814618,1,1856936,1856936
7814616,1,1856935,1856935
7814608,1,1856934,1856934
7814605,1,1856933,1856933
7814601,1,1856932,1856932
7814599,1,1856931,1856931
7814594,1,1856930,1856930
7814591,1,1856929,1856929
7814589,1,1856928,1856928
7814587,1,1856927,1856927
7814585,1,1856926,1856926
7814583,1,1856925,1856925
7814579,1,1856924,1856924
7814575,1,1856923,1856923
7814573,1,1856922,1856922
7814570,1,1856921,1856921
7814567,1,1856920,1856920
7814565,1,1856919,1856919
7814560,1,1856918,1856918
7814558,1,1856917,1856917
7814553,1,1856916,1856916
7814547,1,1856915,1856915
7814545,1,1856914,1856914
7814543,1,1856913,1856913
7814539,1,1856912,1856912
7814536,1,1856911,1856911
7814533,1,1856910,1856910
7814526,1,1856909,1856909
7814523,1,1856908,1856908
7814519,1,1856907,1856907
7814514,1,1856906,1856906
7814506,1,1856905,1856905
7814504,1,1856904,1856904
7814498,1,1856903,1856903
7814485,1,1856902,1856902
7814483,1,1856901,1856901
7814479,1,1856900,1856900
7814474,1,1856899,1856899
7814466,1,1856898,1856898
7814464,1,1856897,1856897
7814461,1,1856896,1856896
7814453,1,1856895,1856895
7814449,1,1856894,1856894
7814445,1,1856893,1856893
7814442,1,1856892,1856892
7814436,1,1856891,1856891
7814432,1,1856890,1856890
7814430,1,1856889,1856889
7814422,1,1856888,1856888
7814420,1,1856887,1856887
7814418,1,1856886,1856886
7814416,1,1856885,1856885
7814414,1,1856884,1856884
7814412,1,1856883,1856883
7814410,1,1856882,1856882
7814408,1,1856881,1856881
7814404,1,1856880,1856880
7814394,1,1856879,1856879
7814387,1,1856878,1856878
7814383,1,1856877,1856877
7814381,1,1856876,1856876
7814379,1,1856875,1856875
7814375,1,1856874,1856874
7814372,1,1856873,1856873
7814367,1,1856872,1856872
7814363,1,1856871,1856871
7814356,1,1856870,1856870
7814354,1,1856869,1856869
7814352,1,1856868,1856868
7814346,1,1856867,1856867
7814344,1,1856866,1856866
7814341,1,1856865,1856865
7814321,1,1856864,1856864
7814319,1,1856863,1856863
7814317,1,1856862,1856862
7814315,1,1856861,1856861
7814308,1,1856860,1856860
7814301,1,1856859,1856859
7814297,1,1856858,1856858
7814295,1,1856857,1856857
7814288,1,1856856,1856856
7814285,1,1856855,1856855
7814277,1,1856854,1856854
7814275,1,1856853,1856853
7814272,1,1856852,1856852
7814264,1,1856851,1856851
7814261,1,1856850,1856850
7814258,1,1856849,1856849
7814256,1,1856848,1856848
7814253,1,1856847,1856847
7814251,1,1856846,1856846
7814249,1,1856845,1856845
7814246,1,1856844,1856844
7814239,1,1856843,1856843
7814235,1,1856842,1856842
7814226,1,1856841,1856841
7814224,1,1856840,1856840
7814192,1,1856839,1856839
7814185,1,1856838,1856838
7814180,1,1856837,1856837
7814174,1,1856836,1856836
7814172,1,1856835,1856835
7814170,1,1856834,1856834
7814168,1,1856833,1856833
7814166,1,1856832,1856832
7814159,1,1856831,1856831
7814156,1,1856830,1856830
7814141,1,1856829,1856829
7814131,1,1856828,1856828
7814114,1,1856827,1856827
7814059,1,1856826,1856826
7814052,1,1856825,1856825
7814013,1,1856824,1856824
7813972,1,1856823,1856823
7813837,1,1856822,1856822
7813834,1,1856821,1856821
7813822,1,1856820,1856820
7813820,1,1856819,1856819
7813815,1,1856818,1856818
7813810,1,1856817,1856817
7813806,1,1856816,1856816
7813804,1,1856815,1856815
7813802,1,1856814,1856814
7813796,1,1856813,1856813
7813794,1,1856812,1856812
7813792,1,1856811,1856811
7813789,1,1856810,1856810
7813787,1,1856809,1856809
7813785,1,1856808,1856808
7813783,1,1856807,1856807
7813781,1,1856806,1856806
7813779,1,1856805,1856805
7813777,1,1856804,1856804
7813775,1,1856803,1856803
7813773,1,1856802,1856802
7813771,1,1856801,1856801
7813769,1,1856800,1856800
7813765,1,1856799,1856799
7813763,1,1856798,1856798
7813761,1,1856797,1856797
7813757,1,1856795,1856795
7813755,1,1856794,1856794
7813753,1,1856793,1856793
7813751,1,1856792,1856792
7813746,1,1856791,1856791
7813742,1,1856790,1856790
7813738,1,1856789,1856789
7813736,1,1856788,1856788
7813730,1,1856787,1856787
7813728,1,1856786,1856786
7813726,1,1856785,1856785
7813724,1,1856784,1856784
7813721,1,1856783,1856783
7813719,1,1856782,1856782
7813717,1,1856781,1856781
7813715,1,1856780,1856780
7813713,1,1856779,1856779
7813711,1,1856778,1856778
7813709,1,1856777,1856777
7813707,1,1856776,1856776
7813705,1,1856775,1856775
7813703,1,1856774,1856774
7813701,1,1856773,1856773
7813699,1,1856772,1856772
7813697,1,1856771,1856771
7813695,1,1856770,1856770
7813689,1,1856769,1856769
7813688,1,1856768,1856768
7813686,1,1856767,1856767
7813682,1,1856766,1856766
7813680,1,1856765,1856765
7813677,1,1856764,1856764
7813674,1,1856763,1856763
7813672,1,1856762,1856762
7813670,1,1856761,1856761
7813668,1,1856760,1856760
7813666,1,1856759,1856759
7813664,1,1856758,1856758
7813662,1,1856757,1856757
7813660,1,1856756,1856756
7813657,1,1856755,1856755
7813655,1,1856754,1856754
7813653,1,1856753,1856753
7813651,1,1856752,1856752
7813649,1,1856751,1856751
7813647,1,1856750,1856750
7813645,1,1856749,1856749
7813643,1,1856748,1856748
7813641,1,1856747,1856747
7813639,1,1856746,1856746
7813637,1,1856745,1856745
7813635,1,1856744,1856744
7813633,1,1856743,1856743
7813631,1,1856742,1856742
7813628,1,1856741,1856741
7813626,1,1856740,1856740
7813624,1,1856739,1856739
7813622,1,1856738,1856738
7813618,1,1856737,1856737
7813616,1,1856736,1856736
7813614,1,1856735,1856735
7813612,1,1856734,1856734
7813610,1,1856733,1856733
7813608,1,1856732,1856732
7813606,1,1856731,1856731
7813603,1,1856730,1856730
7813601,1,1856729,1856729
7813599,1,1856728,1856728
7813596,1,1856727,1856727
7813594,1,1856726,1856726
7813593,1,1856725,1856725
7813591,1,1856724,1856724
7813588,1,1856723,1856723
7813585,1,1856722,1856722
7813582,1,1856721,1856721
7813580,1,1856720,1856720
7813578,1,1856719,1856719
7813575,1,1856718,1856718
7813572,1,1856717,1856717
7813570,1,1856716,1856716
7813568,1,1856715,1856715
7813565,1,1856714,1856714
7813563,1,1856713,1856713
7813561,1,1856712,1856712
7813559,1,1856711,1856711
7813557,1,1856710,1856710
7813555,1,1856709,1856709
7813553,1,1856708,1856708
7813551,1,1856707,1856707
7813548,1,1856706,1856706
7813546,1,1856705,1856705
7813544,1,1856704,1856704
7813541,1,1856703,1856703
7813539,1,1856702,1856702
7813536,1,1856701,1856701
7813534,1,1856700,1856700
7813531,1,1856699,1856699
7813525,1,1856698,1856698
7813522,1,1856697,1856697
7813520,1,1856696,1856696
7813518,1,1856695,1856695
7813516,1,1856694,1856694
7813514,1,1856693,1856693
7813512,1,1856692,1856692
7813510,1,1856691,1856691
7813508,1,1856690,1856690
7813506,1,1856689,1856689
7813504,1,1856688,1856688
7813502,1,1856687,1856687
7813500,1,1856686,1856686
7813498,1,1856685,1856685
7813496,1,1856684,1856684
7813494,1,1856683,1856683
7813492,1,1856682,1856682
7813490,1,1856681,1856681
7813488,1,1856680,1856680
7813486,1,1856679,1856679
7813484,1,1856678,1856678
7813482,1,1856677,1856677
7813480,1,1856676,1856676
7813478,1,1856675,1856675
7813476,1,1856674,1856674
7813474,1,1856673,1856673
7813472,1,1856672,1856672
7813470,1,1856671,1856671
7813468,1,1856670,1856670
7813466,1,1856669,1856669
7813464,1,1856668,1856668
7813462,1,1856667,1856667
7813460,1,1856666,1856666
7813458,1,1856665,1856665
7813456,1,1856664,1856664
7813454,1,1856663,1856663
7813452,1,1856662,1856662
7813450,1,1856661,1856661
7813448,1,1856660,1856660
7813446,1,1856659,1856659
7813444,1,1856658,1856658
7813442,1,1856657,1856657
7813440,1,1856656,1856656
7813437,1,1856655,1856655
7813435,1,1856654,1856654
7813433,1,1856653,1856653
7813431,1,1856652,1856652
7813429,1,1856651,1856651
7813427,1,1856650,1856650
7813425,1,1856649,1856649
7813423,1,1856648,1856648
7813421,1,1856647,1856647
7813419,1,1856646,1856646
7813417,1,1856645,1856645
7813415,1,1856644,1856644
7813413,1,1856643,1856643
7813410,1,1856642,1856642
7813408,1,1856641,1856641
7813406,1,1856640,1856640
7813404,1,1856639,1856639
7813402,1,1856638,1856638
7813400,1,1856637,1856637
7813398,1,1856636,1856636
7813396,1,1856635,1856635
7813393,1,1856634,1856634
7813391,1,1856633,1856633
7813389,1,1856632,1856632
7813387,1,1856631,1856631
7813384,1,1856630,1856630
7813383,1,1856629,1856629
7813381,1,1856628,1856628
7813379,1,1856627,1856627
7813377,1,1856626,1856626
7813375,1,1856625,1856625
7813373,1,1856624,1856624
7813371,1,1856623,1856623
7813369,1,1856622,1856622
7813366,1,1856621,1856621
7813364,1,1856620,1856620
7813362,1,1856619,1856619
7813360,1,1856618,1856618
7813358,1,1856617,1856617
7813356,1,1856616,1856616
7813354,1,1856615,1856615
7813352,1,1856614,1856614
7813350,1,1856613,1856613
7813348,1,1856612,1856612
7813346,1,1856611,1856611
7813344,1,1856610,1856610
7813340,1,1856609,1856609
7813338,1,1856608,1856608
7813336,1,1856607,1856607
7813334,1,1856606,1856606
7813332,1,1856605,1856605
7813328,1,1856604,1856604
7813326,1,1856603,1856603
7813324,1,1856602,1856602
7813322,1,1856601,1856601
7813320,1,1856600,1856600
7813318,1,1856599,1856599
7813315,1,1856598,1856598
7813313,1,1856597,1856597
7813310,1,1856596,1856596
7813308,1,1856595,1856595
7813306,1,1856594,1856594
7813304,1,1856593,1856593
7813302,1,1856592,1856592
7813296,1,1856591,1856591
7813294,1,1856590,1856590
7813292,1,1856589,1856589
7813290,1,1856588,1856588
7813287,1,1856587,1856587
7813285,1,1856586,1856586
7813283,1,1856585,1856585
7813281,1,1856584,1856584
7813279,1,1856583,1856583
7813277,1,1856582,1856582
7813275,1,1856581,1856581
7813273,1,1856580,1856580
7813271,1,1856579,1856579
7813269,1,1856578,1856578
7813267,1,1856577,1856577
7813264,1,1856576,1856576
7813260,1,1856575,1856575
7813257,1,1856574,1856574
7813255,1,1856573,1856573
7813252,1,1856572,1856572
7813249,1,1856571,1856571
7813244,1,1856570,1856570
7813240,1,1856569,1856569
7813236,1,1856568,1856568
7813229,1,1856567,1856567
7813226,1,1856566,1856566
7813223,1,1856565,1856565
7813221,1,1856564,1856564
7813219,1,1856563,1856563
7813216,1,1856562,1856562
7813214,1,1856561,1856561
7813211,1,1856560,1856560
7813199,1,1856559,1856559
7813197,1,1856558,1856558
7813195,1,1856557,1856557
7813193,1,1856556,1856556
7813188,1,1856555,1856555
7813183,1,1856554,1856554
7813174,1,1856553,1856553
7813170,1,1856552,1856552
7813167,1,1856551,1856551
7813162,1,1856550,1856550
7813155,1,1856549,1856549
7813151,1,1856548,1856548
7813148,1,1856547,1856547
7813139,1,1856546,1856546
7813138,1,1856545,1856545
7813135,1,1856544,1856544
7813130,1,1856543,1856543
7813128,1,1856542,1856542
7813125,1,1856541,1856541
7813119,1,1856540,1856540
7813115,1,1856539,1856539
7813111,1,1856538,1856538
7813108,1,1856537,1856537
7813106,1,1856536,1856536
7813096,1,1856535,1856535
7813093,1,1856534,1856534
7813089,1,1856533,1856533
7813085,1,1856532,1856532
7813082,1,1856531,1856531
7813073,1,1856530,1856530
7813071,1,1856529,1856529
7813069,1,1856528,1856528
7813067,1,1856527,1856527
7813065,1,1856526,1856526
7813063,1,1856525,1856525
7813060,1,1856524,1856524
7813058,1,1856523,1856523
7813056,1,1856522,1856522
7813054,1,1856521,1856521
7813043,1,1856520,1856520
7813039,1,1856519,1856519
7813031,1,1856518,1856518
7813027,1,1856517,1856517
7813024,1,1856516,1856516
7813022,1,1856515,1856515
7813018,1,1856514,1856514
7813015,1,1856513,1856513
7813012,1,1856512,1856512
7813000,1,1856511,1856511
7812994,1,1856510,1856510
7812986,1,1856509,1856509
7812984,1,1856508,1856508
7812979,1,1856507,1856507
7812977,1,1856506,1856506
7812974,1,1856505,1856505
7812970,1,1856504,1856504
7812948,1,1856503,1856503
7812942,1,1856502,1856502
7812938,1,1856501,1856501
7812930,1,1856500,1856500
7812928,1,1856499,1856499
7812924,1,1856498,1856498
7812922,1,1856497,1856497
7812919,1,1856496,1856496
7812914,1,1856495,1856495
7812910,1,1856494,1856494
7812907,1,1856493,1856493
7812904,1,1856492,1856492
7812894,1,1856491,1856491
7812891,1,1856490,1856490
7812888,1,1856489,1856489
7812885,1,1856488,1856488
7812883,1,1856487,1856487
7812879,1,1856486,1856486
7812873,1,1856485,1856485
7812871,1,1856484,1856484
7812868,1,1856483,1856483
7812863,1,1856482,1856482
7812855,1,1856481,1856481
7812851,1,1856480,1856480
7812849,1,1856479,1856479
7812846,1,1856478,1856478
7812843,1,1856477,1856477
7812841,1,1856476,1856476
7812838,1,1856475,1856475
7812831,1,1856474,1856474
7812828,1,1856473,1856473
7812826,1,1856472,1856472
7812822,1,1856471,1856471
7812820,1,1856470,1856470
7812816,1,1856469,1856469
7812810,1,1856468,1856468
7812806,1,1856467,1856467
7812804,1,1856466,1856466
7812799,1,1856465,1856465
7812796,1,1856464,1856464
7812794,1,1856463,1856463
7812791,1,1856462,1856462
7812787,1,1856461,1856461
7812785,1,1856460,1856460
7812781,1,1856459,1856459
7812778,1,1856458,1856458
7812775,1,1856457,1856457
7812772,1,1856456,1856456
7812770,1,1856455,1856455
7812762,1,1856454,1856454
7812759,1,1856453,1856453
7812757,1,1856452,1856452
7812755,1,1856451,1856451
7812753,1,1856450,1856450
7812749,1,1856449,1856449
7812746,1,1856448,1856448
7812742,1,1856447,1856447
7812735,1,1856446,1856446
7812730,1,1856445,1856445
7812727,1,1856444,1856444
7812723,1,1856443,1856443
7812720,1,1856442,1856442
7812711,1,1856441,1856441
7812703,1,1856440,1856440
7812698,1,1856439,1856439
7812693,1,1856438,1856438
7812686,1,1856437,1856437
7812684,1,1856436,1856436
7812680,1,1856435,1856435
7812675,1,1856434,1856434
7812672,1,1856433,1856433
7812670,1,1856432,1856432
7812663,1,1856431,1856431
7812661,1,1856430,1856430
7812651,1,1856429,1856429
7812642,1,1856428,1856428
7812639,1,1856427,1856427
7812637,1,1856426,1856426
7812633,1,1856425,1856425
7812631,1,1856424,1856424
7812628,1,1856423,1856423
7812626,1,1856422,1856422
7812622,1,1856421,1856421
7812618,1,1856420,1856420
7812615,1,1856419,1856419
7812612,1,1856418,1856418
7812606,1,1856417,1856417
7812602,1,1856416,1856416
7812598,1,1856415,1856415
7812588,1,1856414,1856414
7812585,1,1856413,1856413
7812580,1,1856412,1856412
7812577,1,1856411,1856411
7812573,1,1856410,1856410
7812570,1,1856409,1856409
7812567,1,1856408,1856408
7812562,1,1856407,1856407
7812560,1,1856406,1856406
7812555,1,1856405,1856405
7812546,1,1856404,1856404
7812537,1,1856403,1856403
7812534,1,1856402,1856402
7812532,1,1856401,1856401
7812530,1,1856400,1856400
7812522,1,1856399,1856399
7812520,1,1856398,1856398
7812503,1,1856397,1856397
7812497,1,1856396,1856396
7812480,1,1856395,1856395
7812476,1,1856394,1856394
7812472,1,1856393,1856393
7812470,1,1856392,1856392
7812462,1,1856391,1856391
7812459,1,1856390,1856390
7812457,1,1856389,1856389
7812450,1,1856388,1856388
7812447,1,1856387,1856387
7812445,1,1856386,1856386
7812440,1,1856385,1856385
7812432,1,1856384,1856384
7812426,1,1856383,1856383
7812421,1,1856382,1856382
7812416,1,1856381,1856381
7812411,1,1856380,1856380
7812408,1,1856379,1856379
7812385,1,1856378,1856378
7812374,1,1856377,1856377
7812372,1,1856376,1856376
7812370,1,1856375,1856375
7812367,1,1856374,1856374
7812352,1,1856373,1856373
7812350,1,1856372,1856372
7812339,1,1856371,1856371
7812322,1,1856370,1856370
7812310,1,1856369,1856369
7812305,1,1856368,1856368
7812299,1,1856367,1856367
7812284,1,1856366,1856366
7812280,1,1856365,1856365
7812273,1,1856364,1856364
7812269,1,1856363,1856363
7812250,1,1856362,1856362
7812246,1,1856361,1856361
7812244,1,1856360,1856360
7812233,1,1856359,1856359
7812214,1,1856358,1856358
7812212,1,1856357,1856357
7812203,1,1856356,1856356
7812199,1,1856355,1856355
7812194,1,1856354,1856354
7812192,1,1856353,1856353
7812184,1,1856352,1856352
7812181,1,1856351,1856351
7812177,1,1856350,1856350
7812162,1,1856349,1856349
7812158,1,1856348,1856348
7812150,1,1856347,1856347
7812143,1,1856346,1856346
7812138,1,1856345,1856345
7812130,1,1856344,1856344
7812111,1,1856343,1856343
7812101,1,1856342,1856342
7812096,1,1856341,1856341
7812086,1,1856340,1856340
7812069,1,1856339,1856339
7812060,1,1856338,1856338
7812051,1,1856337,1856337
7812046,1,1856336,1856336
7812042,1,1856335,1856335
7812035,1,1856334,1856334
7812026,1,1856333,1856333
7812018,1,1856332,1856332
7812016,1,1856331,1856331
7812006,1,1856330,1856330
7812001,1,1856329,1856329
7811999,1,1856328,1856328
7811982,1,1856327,1856327
7811966,1,1856326,1856326
7811954,1,1856325,1856325
7811944,1,1856324,1856324
7811932,1,1856323,1856323
7811928,1,1856322,1856322
7811895,1,1856321,1856321
7811882,1,1856320,1856320
7811878,1,1856319,1856319
7811865,1,1856318,1856318
7811863,1,1856317,1856317
7811859,1,1856316,1856316
7811856,1,1856315,1856315
7811854,1,1856314,1856314
7811852,1,1856313,1856313
7811848,1,1856312,1856312
7811846,1,1856311,1856311
7811843,1,1856310,1856310
7811841,1,1856309,1856309
7811839,1,1856308,1856308
7811836,1,1856307,1856307
7811834,1,1856306,1856306
7811832,1,1856305,1856305
7811830,1,1856304,1856304
7811828,1,1856303,1856303
7811824,1,1856302,1856302
7811822,1,1856301,1856301
7811820,1,1856300,1856300
7811818,1,1856299,1856299
7811816,1,1856298,1856298
7811814,1,1856297,1856297
7811812,1,1856296,1856296
7811810,1,1856295,1856295
7811808,1,1856294,1856294
7811806,1,1856293,1856293
7811802,1,1856292,1856292
7811800,1,1856291,1856291
7811798,1,1856290,1856290
7811796,1,1856289,1856289
7811793,1,1856288,1856288
7811791,1,1856287,1856287
7811789,1,1856286,1856286
7811786,1,1856285,1856285
7811780,1,1856284,1856284
7811778,1,1856283,1856283
7811775,1,1856282,1856282
7811773,1,1856281,1856281
7811771,1,1856280,1856280
7811769,1,1856279,1856279
7811767,1,1856278,1856278
7811765,1,1856277,1856277
7811763,1,1856276,1856276
7811761,1,1856275,1856275
7811759,1,1856274,1856274
7811756,1,1856273,1856273
7811753,1,1856272,1856272
7811751,1,1856271,1856271
7811749,1,1856270,1856270
7811744,1,1856269,1856269
7811742,1,1856268,1856268
7811740,1,1856267,1856267
7811738,1,1856266,1856266
7811736,1,1856265,1856265
7811732,1,1856264,1856264
7811729,1,1856263,1856263
7811726,1,1856262,1856262
7811724,1,1856261,1856261
7811721,1,1856260,1856260
7811716,1,1856259,1856259
7811714,1,1856258,1856258
7811711,1,1856257,1856257
7811704,1,1856256,1856256
7811702,1,1856255,1856255
7811698,1,1856254,1856254
7811696,1,1856253,1856253
7811683,1,1856252,1856252
7811680,1,1856251,1856251
7811677,1,1856250,1856250
7811675,1,1856249,1856249
7811673,1,1856248,1856248
7811671,1,1856247,1856247
7811669,1,1856246,1856246
7811667,1,1856245,1856245
7811665,1,1856244,1856244
7811663,1,1856243,1856243
7811661,1,1856242,1856242
7811659,1,1856241,1856241
7811657,1,1856240,1856240
7811654,1,1856239,1856239
7811652,1,1856238,1856238
7811650,1,1856237,1856237
7811648,1,1856236,1856236
7811646,1,1856235,1856235
7811643,1,1856234,1856234
7811640,1,1856233,1856233
7811638,1,1856232,1856232
7811635,1,1856231,1856231
7811633,1,1856230,1856230
7811631,1,1856229,1856229
7811629,1,1856228,1856228
7811627,1,1856227,1856227
7811625,1,1856226,1856226
7811623,1,1856225,1856225
7811621,1,1856224,1856224
7811619,1,1856223,1856223
7811616,1,1856222,1856222
7811614,1,1856221,1856221
7811612,1,1856220,1856220
7811605,1,1856219,1856219
7811602,1,1856218,1856218
7811600,1,1856217,1856217
7811598,1,1856216,1856216
7811596,1,1856215,1856215
7811594,1,1856214,1856214
7811592,1,1856213,1856213
7811590,1,1856212,1856212
7811588,1,1856211,1856211
7811586,1,1856210,1856210
7811583,1,1856209,1856209
7811581,1,1856208,1856208
7811578,1,1856207,1856207
7811576,1,1856206,1856206
7811574,1,1856205,1856205
7811569,1,1856204,1856204
7811567,1,1856203,1856203
7811563,1,1856202,1856202
7811560,1,1856201,1856201
7811558,1,1856200,1856200
7811556,1,1856199,1856199
7811553,1,1856198,1856198
7811551,1,1856197,1856197
7811545,1,1856196,1856196
7811543,1,1856195,1856195
7811536,1,1856194,1856194
7811531,1,1856193,1856193
7811529,1,1856192,1856192
7811526,1,1856191,1856191
7811524,1,1856190,1856190
7811521,1,1856189,1856189
7811519,1,1856188,1856188
7811511,1,1856187,1856187
7811509,1,1856186,1856186
7811507,1,1856185,1856185
7811503,1,1856184,1856184
7811500,1,1856183,1856183
7811498,1,1856182,1856182
7811496,1,1856181,1856181
7811493,1,1856180,1856180
7811491,1,1856179,1856179
7811489,1,1856178,1856178
7811487,1,1856177,1856177
7811485,1,1856176,1856176
7811483,1,1856175,1856175
7811481,1,1856174,1856174
7811479,1,1856173,1856173
7811475,1,1856172,1856172
7811473,1,1856171,1856171
7811471,1,1856170,1856170
7811469,1,1856169,1856169
7811467,1,1856168,1856168
7811465,1,1856167,1856167
7811463,1,1856166,1856166
7811460,1,1856165,1856165
7811458,1,1856164,1856164
7811456,1,1856163,1856163
7811454,1,1856162,1856162
7811451,1,1856161,1856161
7811448,1,1856160,1856160
7811446,1,1856159,1856159
7811444,1,1856158,1856158
7811442,1,1856157,1856157
7811440,1,1856156,1856156
7811434,1,1856155,1856155
7811428,1,1856154,1856154
7811423,1,1856153,1856153
7811421,1,1856152,1856152
7811418,1,1856151,1856151
7811415,1,1856150,1856150
7811413,1,1856149,1856149
7811411,1,1856148,1856148
7811406,1,1856147,1856147
7811401,1,1856146,1856146
7811399,1,1856145,1856145
7811393,1,1856144,1856144
7811387,1,1856143,1856143
7811381,1,1856142,1856142
7811378,1,1856141,1856141
7811374,1,1856140,1856140
7811372,1,1856139,1856139
7811369,1,1856138,1856138
7811363,1,1856137,1856137
7811349,1,1856136,1856136
7811339,1,1856135,1856135
7811335,1,1856134,1856134
7811328,1,1856133,1856133
7811326,1,1856132,1856132
7811319,1,1856131,1856131
7811315,1,1856130,1856130
7811312,1,1856129,1856129
7811309,1,1856128,1856128
7811306,1,1856127,1856127
7811303,1,1856126,1856126
7811300,1,1856125,1856125
7811293,1,1856124,1856124
7811291,1,1856123,1856123
7811289,1,1856122,1856122
7811285,1,1856121,1856121
7811283,1,1856120,1856120
7811281,1,1856119,1856119
7811279,1,1856118,1856118
7811277,1,1856117,1856117
7811274,1,1856116,1856116
7811272,1,1856115,1856115
7811269,1,1856114,1856114
7811267,1,1856113,1856113
7811261,1,1856112,1856112
7811257,1,1856111,1856111
7811255,1,1856110,1856110
7811252,1,1856109,1856109
7811250,1,1856108,1856108
7811248,1,1856107,1856107
7811245,1,1856106,1856106
7811242,1,1856105,1856105
7811239,1,1856104,1856104
7811234,1,1856103,1856103
7811231,1,1856102,1856102
7811227,1,1856101,1856101
7811225,1,1856100,1856100
7811222,1,1856099,1856099
7811219,1,1856098,1856098
7811216,1,1856097,1856097
7811213,1,1856096,1856096
7811208,1,1856095,1856095
7811205,1,1856094,1856094
7811203,1,1856093,1856093
7811201,1,1856092,1856092
7811199,1,1856091,1856091
7811196,1,1856090,1856090
7811193,1,1856089,1856089
7811191,1,1856088,1856088
7811187,1,1856087,1856087
7811185,1,1856086,1856086
7811183,1,1856085,1856085
7811179,1,1856084,1856084
7811172,1,1856083,1856083
7811168,1,1856082,1856082
7811166,1,1856081,1856081
7811161,1,1856080,1856080
7811159,1,1856079,1856079
7811157,1,1856078,1856078
7811155,1,1856077,1856077
7811148,1,1856076,1856076
7811147,1,1856075,1856075
7811145,1,1856074,1856074
7811143,1,1856073,1856073
7811133,1,1856072,1856072
7811125,1,1856071,1856071
7811123,1,1856070,1856070
7811121,1,1856069,1856069
7811112,1,1856068,1856068
7811109,1,1856067,1856067
7811107,1,1856066,1856066
7811105,1,1856065,1856065
7811103,1,1856064,1856064
7811100,1,1856063,1856063
7811099,1,1856062,1856062
7811093,1,1856061,1856061
7811091,1,1856060,1856060
7811089,1,1856059,1856059
7811087,1,1856058,1856058
7811085,1,1856057,1856057
7811083,1,1856056,1856056
7811081,1,1856055,1856055
7811079,1,1856054,1856054
7811077,1,1856053,1856053
7811075,1,1856052,1856052
7811071,1,1856051,1856051
7811065,1,1856050,1856050
7811061,1,1856049,1856049
7811056,1,1856048,1856048
7811052,1,1856047,1856047
7811048,1,1856046,1856046
7811046,1,1856045,1856045
7811042,1,1856044,1856044
7811031,1,1856043,1856043
7811028,1,1856042,1856042
7811024,1,1856041,1856041
7811021,1,1856040,1856040
7811018,1,1856039,1856039
7811016,1,1856038,1856038
7811012,1,1856037,1856037
7811008,1,1856036,1856036
7811002,1,1856035,1856035
7810997,1,1856034,1856034
7810994,1,1856033,1856033
7810990,1,1856032,1856032
7810967,1,1856031,1856031
7810964,1,1856030,1856030
7810955,1,1856029,1856029
7810949,1,1856028,1856028
7810945,1,1856027,1856027
7810943,1,1856026,1856026
7810931,1,1856025,1856025
7810921,1,1856024,1856024
7810919,1,1856023,1856023
7810914,1,1856022,1856022
7810912,1,1856021,1856021
7810910,1,1856020,1856020
7810908,1,1856019,1856019
7810906,1,1856018,1856018
7810903,1,1856017,1856017
7810901,1,1856016,1856016
7810898,1,1856015,1856015
7810896,1,1856014,1856014
7810894,1,1856013,1856013
7810890,1,1856012,1856012
7810887,1,1856011,1856011
7810885,1,1856010,1856010
7810883,1,1856009,1856009
7810881,1,1856008,1856008
7810879,1,1856007,1856007
7810877,1,1856006,1856006
7810875,1,1856005,1856005
7810873,1,1856004,1856004
7810870,1,1856003,1856003
7810868,1,1856002,1856002
7810865,1,1856001,1856001
7810861,1,1856000,1856000
7810858,1,1855999,1855999
7810849,1,1855998,1855998
7810845,1,1855997,1855997
7810843,1,1855996,1855996
7810839,1,1855995,1855995
7810836,1,1855994,1855994
7810833,1,1855993,1855993
7810830,1,1855992,1855992
7810824,1,1855991,1855991
7810821,1,1855990,1855990
7810817,1,1855989,1855989
7810811,1,1855988,1855988
7810809,1,1855987,1855987
7810807,1,1855986,1855986
7810803,1,1855985,1855985
7810799,1,1855984,1855984
7810797,1,1855983,1855983
7810794,1,1855982,1855982
7810790,1,1855981,1855981
7810785,1,1855980,1855980
7810778,1,1855979,1855979
7810775,1,1855978,1855978
7810773,1,1855977,1855977
7810771,1,1855976,1855976
7810767,1,1855975,1855975
7810760,1,1855974,1855974
7810758,1,1855973,1855973
7810755,1,1855972,1855972
7810749,1,1855971,1855971
7810744,1,1855970,1855970
7810737,1,1855969,1855969
7810735,1,1855968,1855968
7810732,1,1855967,1855967
7810730,1,1855966,1855966
7810727,1,1855965,1855965
7810720,1,1855964,1855964
7810715,1,1855963,1855963
7810711,1,1855962,1855962
7810708,1,1855961,1855961
7810705,1,1855960,1855960
7810703,1,1855959,1855959
7810699,1,1855958,1855958
7810697,1,1855957,1855957
7810694,1,1855956,1855956
7810691,1,1855955,1855955
7810689,1,1855954,1855954
7810686,1,1855953,1855953
7810683,1,1855952,1855952
7810681,1,1855951,1855951
7810678,1,1855950,1855950
7810676,1,1855949,1855949
7810674,1,1855948,1855948
7810672,1,1855947,1855947
7810669,1,1855946,1855946
7810667,1,1855945,1855945
7810665,1,1855944,1855944
7810663,1,1855943,1855943
7810660,1,1855942,1855942
7810658,1,1855941,1855941
7810655,1,1855940,1855940
7810652,1,1855939,1855939
7810647,1,1855938,1855938
7810645,1,1855937,1855937
7810641,1,1855936,1855936
7810639,1,1855935,1855935
7810635,1,1855934,1855934
7810633,1,1855933,1855933
7810626,1,1855932,1855932
7810623,1,1855931,1855931
7810621,1,1855930,1855930
7810619,1,1855929,1855929
7810617,1,1855928,1855928
7810615,1,1855927,1855927
7810613,1,1855926,1855926
7810608,1,1855925,1855925
7810606,1,1855924,1855924
7810601,1,1855923,1855923
7810598,1,1855922,1855922
7810596,1,1855921,1855921
7810594,1,1855920,1855920
7810592,1,1855919,1855919
7810590,1,1855918,1855918
7810588,1,1855917,1855917
7810586,1,1855916,1855916
7810584,1,1855915,1855915
7810582,1,1855914,1855914
7810580,1,1855913,1855913
7810578,1,1855912,1855912
7810576,1,1855911,1855911
7810574,1,1855910,1855910
7810572,1,1855909,1855909
7810567,1,1855908,1855908
7810565,1,1855907,1855907
7810560,1,1855906,1855906
7810558,1,1855905,1855905
7810556,1,1855904,1855904
7810553,1,1855903,1855903
7810550,1,1855902,1855902
7810548,1,1855901,1855901
7810545,1,1855900,1855900
7810543,1,1855899,1855899
7810540,1,1855898,1855898
7810534,1,1855897,1855897
7810530,1,1855896,1855896
7810526,1,1855895,1855895
7810524,1,1855894,1855894
7810522,1,1855893,1855893
7810520,1,1855892,1855892
7810518,1,1855891,1855891
7810516,1,1855890,1855890
7810510,1,1855889,1855889
7810503,1,1855888,1855888
7810501,1,1855887,1855887
7810498,1,1855886,1855886
7810496,1,1855885,1855885
7810493,1,1855884,1855884
7810491,1,1855883,1855883
7810488,1,1855882,1855882
7810486,1,1855881,1855881
7810484,1,1855880,1855880
7810482,1,1855879,1855879
7810479,1,1855878,1855878
7810477,1,1855877,1855877
7810474,1,1855876,1855876
7810471,1,1855875,1855875
7810469,1,1855874,1855874
7810467,1,1855873,1855873
7810465,1,1855872,1855872
7810461,1,1855871,1855871
7810459,1,1855870,1855870
7810457,1,1855869,1855869
7810453,1,1855868,1855868
7810448,1,1855867,1855867
7810446,1,1855866,1855866
7810444,1,1855865,1855865
7810442,1,1855864,1855864
7810437,1,1855863,1855863
7810435,1,1855862,1855862
7810433,1,1855861,1855861
7810431,1,1855860,1855860
7810429,1,1855859,1855859
7810427,1,1855858,1855858
7810425,1,1855857,1855857
7810419,1,1855856,1855856
7810417,1,1855855,1855855
7810414,1,1855854,1855854
7810412,1,1855853,1855853
7810409,1,1855852,1855852
7810406,1,1855851,1855851
7810404,1,1855850,1855850
7810402,1,1855849,1855849
7810399,1,1855848,1855848
7810397,1,1855847,1855847
7810391,1,1855846,1855846
7810388,1,1855845,1855845
7810386,1,1855844,1855844
7810381,1,1855843,1855843
7810379,1,1855842,1855842
7810376,1,1855841,1855841
7810374,1,1855840,1855840
7810372,1,1855839,1855839
7810370,1,1855838,1855838
7810368,1,1855837,1855837
7810366,1,1855836,1855836
7810364,1,1855835,1855835
7810362,1,1855834,1855834
7810359,1,1855833,1855833
7810357,1,1855832,1855832
7810354,1,1855831,1855831
7810353,1,1855830,1855830
7810351,1,1855829,1855829
7810349,1,1855828,1855828
7810346,1,1855827,1855827
7810343,1,1855826,1855826
7810341,1,1855825,1855825
7810339,1,1855824,1855824
7810337,1,1855823,1855823
7810333,1,1855822,1855822
7810331,1,1855821,1855821
7810329,1,1855820,1855820
7810327,1,1855819,1855819
7810324,1,1855818,1855818
7810322,1,1855817,1855817
7810319,1,1855816,1855816
7810317,1,1855815,1855815
7810315,1,1855814,1855814
7810308,1,1855813,1855813
7810306,1,1855812,1855812
7810303,1,1855811,1855811
7810301,1,1855810,1855810
7810298,1,1855809,1855809
7810295,1,1855808,1855808
7810292,1,1855807,1855807
7810289,1,1855806,1855806
7810286,1,1855805,1855805
7810284,1,1855804,1855804
7810281,1,1855803,1855803
7810278,1,1855802,1855802
7810273,1,1855801,1855801
7810270,1,1855800,1855800
7810268,1,1855799,1855799
7810261,1,1855798,1855798
7810259,1,1855797,1855797
7810257,1,1855796,1855796
7810255,1,1855795,1855795
7810252,1,1855794,1855794
7810245,1,1855793,1855793
7810243,1,1855792,1855792
7810241,1,1855791,1855791
7810238,1,1855790,1855790
7810232,1,1855789,1855789
7810231,1,1855788,1855788
7810228,1,1855787,1855787
7810226,1,1855786,1855786
7810224,1,1855785,1855785
7810222,1,1855784,1855784
7810219,1,1855783,1855783
7810217,1,1855782,1855782
7810214,1,1855781,1855781
7810210,1,1855780,1855780
7810208,1,1855779,1855779
7810205,1,1855778,1855778
7810203,1,1855777,1855777
7810197,1,1855776,1855776
7810195,1,1855775,1855775
7810193,1,1855774,1855774
7810191,1,1855773,1855773
7810186,1,1855772,1855772
7810181,1,1855771,1855771
7810177,1,1855770,1855770
7810175,1,1855769,1855769
7810171,1,1855768,1855768
7810169,1,1855767,1855767
7810159,1,1855766,1855766
7810154,1,1855765,1855765
7810152,1,1855764,1855764
7810150,1,1855763,1855763
7810144,1,1855762,1855762
7810142,1,1855761,1855761
7810137,1,1855760,1855760
7810133,1,1855759,1855759
7810131,1,1855758,1855758
7810129,1,1855757,1855757
7810127,1,1855756,1855756
7810125,1,1855755,1855755
7810123,1,1855754,1855754
7810121,1,1855753,1855753
7810119,1,1855752,1855752
7810117,1,1855751,1855751
7810111,1,1855750,1855750
7810109,1,1855749,1855749
7810107,1,1855748,1855748
7810102,1,1855747,1855747
7810100,1,1855746,1855746
7810098,1,1855745,1855745
7810096,1,1855744,1855744
7810093,1,1855743,1855743
7810091,1,1855742,1855742
7810089,1,1855741,1855741
7810086,1,1855740,1855740
7810084,1,1855739,1855739
7810082,1,1855738,1855738
7810079,1,1855737,1855737
7810076,1,1855736,1855736
7810074,1,1855735,1855735
7810072,1,1855734,1855734
7810070,1,1855733,1855733
7810068,1,1855732,1855732
7810063,1,1855731,1855731
7810059,1,1855730,1855730
7810057,1,1855729,1855729
7810053,1,1855728,1855728
7810051,1,1855727,1855727
7810048,1,1855726,1855726
7810046,1,1855725,1855725
7810043,1,1855724,1855724
7810041,1,1855723,1855723
7810036,1,1855722,1855722
7810033,1,1855721,1855721
7810027,1,1855720,1855720
7810025,1,1855719,1855719
7810019,1,1855718,1855718
7810016,1,1855717,1855717
7810010,1,1855716,1855716
7810008,1,1855715,1855715
7810005,1,1855714,1855714
7810002,1,1855713,1855713
7810001,1,1855712,1855712
7809998,1,1855711,1855711
7809995,1,1855710,1855710
7809993,1,1855709,1855709
7809991,1,1855708,1855708
7809989,1,1855707,1855707
7809987,1,1855706,1855706
7809985,1,1855705,1855705
7809983,1,1855704,1855704
7809981,1,1855703,1855703
7809979,1,1855702,1855702
7809977,1,1855701,1855701
7809975,1,1855700,1855700
7809973,1,1855699,1855699
7809970,1,1855698,1855698
7809966,1,1855697,1855697
7809964,1,1855696,1855696
7809962,1,1855695,1855695
7809960,1,1855694,1855694
7809957,1,1855693,1855693
7809954,1,1855692,1855692
7809951,1,1855691,1855691
7809948,1,1855690,1855690
7809945,1,1855689,1855689
7809942,1,1855688,1855688
7809939,1,1855687,1855687
7809937,1,1855686,1855686
7809932,1,1855685,1855685
7809930,1,1855684,1855684
7809927,1,1855683,1855683
7809925,1,1855682,1855682
7809923,1,1855681,1855681
7809920,1,1855680,1855680
7809918,1,1855679,1855679
7809916,1,1855678,1855678
7809914,1,1855677,1855677
7809911,1,1855676,1855676
7809909,1,1855675,1855675
7809906,1,1855674,1855674
7809897,1,1855673,1855673
7809895,1,1855672,1855672
7809893,1,1855671,1855671
7809888,1,1855670,1855670
7809882,1,1855669,1855669
7809878,1,1855668,1855668
7809876,1,1855667,1855667
7809874,1,1855666,1855666
7809871,1,1855665,1855665
7809863,1,1855664,1855664
7809858,1,1855663,1855663
7809856,1,1855662,1855662
7809850,1,1855661,1855661
7809844,1,1855660,1855660
7809842,1,1855659,1855659
7809839,1,1855658,1855658
7809837,1,1855657,1855657
7809834,1,1855656,1855656
7809831,1,1855655,1855655
7809829,1,1855654,1855654
7809826,1,1855653,1855653
7809822,1,1855652,1855652
7809820,1,1855651,1855651
7809817,1,1855650,1855650
7809815,1,1855649,1855649
7809811,1,1855648,1855648
7809809,1,1855647,1855647
7809801,1,1855646,1855646
7809798,1,1855645,1855645
7809794,1,1855644,1855644
7809792,1,1855643,1855643
7809789,1,1855642,1855642
7809783,1,1855641,1855641
7809781,1,1855640,1855640
7809779,1,1855639,1855639
7809777,1,1855638,1855638
7809774,1,1855637,1855637
7809771,1,1855636,1855636
7809768,1,1855635,1855635
7809760,1,1855634,1855634
7809750,1,1855633,1855633
7809748,1,1855632,1855632
7809746,1,1855631,1855631
7809741,1,1855630,1855630
7809737,1,1855629,1855629
7809735,1,1855628,1855628
7809732,1,1855627,1855627
7809729,1,1855626,1855626
7809727,1,1855625,1855625
7809725,1,1855624,1855624
7809721,1,1855623,1855623
7809719,1,1855622,1855622
7809717,1,1855621,1855621
7809713,1,1855620,1855620
7809704,1,1855619,1855619
7809702,1,1855618,1855618
7809698,1,1855617,1855617
7809695,1,1855616,1855616
7809692,1,1855615,1855615
7809690,1,1855614,1855614
7809687,1,1855613,1855613
7809685,1,1855612,1855612
7809683,1,1855611,1855611
7809680,1,1855610,1855610
7809672,1,1855609,1855609
7809670,1,1855608,1855608
7809666,1,1855607,1855607
7809660,1,1855606,1855606
7809652,1,1855605,1855605
7809638,1,1855604,1855604
7809629,1,1855603,1855603
7809627,1,1855602,1855602
7809624,1,1855601,1855601
7809617,1,1855600,1855600
7809613,1,1855599,1855599
7809592,1,1855598,1855598
7809588,1,1855597,1855597
7809584,1,1855596,1855596
7809582,1,1855595,1855595
7809579,1,1855594,1855594
7809577,1,1855593,1855593
7809574,1,1855592,1855592
7809572,1,1855591,1855591
7809569,1,1855590,1855590
7809567,1,1855589,1855589
7809561,1,1855588,1855588
7809559,1,1855587,1855587
7809557,1,1855586,1855586
7809555,1,1855585,1855585
7809553,1,1855584,1855584
7809551,1,1855583,1855583
7809549,1,1855582,1855582
7809547,1,1855581,1855581
7809545,1,1855580,1855580
7809543,1,1855579,1855579
7809541,1,1855578,1855578
7809539,1,1855577,1855577
7809537,1,1855576,1855576
7809535,1,1855575,1855575
7809533,1,1855574,1855574
7809531,1,1855573,1855573
7809528,1,1855572,1855572
7809527,1,1855571,1855571
7809520,1,1855570,1855570
7809516,1,1855569,1855569
7809510,1,1855568,1855568
7809508,1,1855567,1855567
7809505,1,1855566,1855566
7809502,1,1855565,1855565
7809500,1,1855564,1855564
7809498,1,1855563,1855563
7809494,1,1855562,1855562
7809491,1,1855561,1855561
7809489,1,1855560,1855560
7809487,1,1855559,1855559
7809482,1,1855558,1855558
7809480,1,1855557,1855557
7809478,1,1855556,1855556
7809475,1,1855555,1855555
7809473,1,1855554,1855554
7809471,1,1855553,1855553
7809469,1,1855552,1855552
7809464,1,1855551,1855551
7809462,1,1855550,1855550
7809460,1,1855549,1855549
7809458,1,1855548,1855548
7809456,1,1855547,1855547
7809453,1,1855546,1855546
7809451,1,1855545,1855545
7809449,1,1855544,1855544
7809447,1,1855543,1855543
7809445,1,1855542,1855542
7809443,1,1855541,1855541
7809441,1,1855540,1855540
7809439,1,1855539,1855539
7809435,1,1855538,1855538
7809433,1,1855537,1855537
7809427,1,1855536,1855536
7809425,1,1855535,1855535
7809422,1,1855534,1855534
7809420,1,1855533,1855533
7809418,1,1855532,1855532
7809416,1,1855531,1855531
7809414,1,1855530,1855530
7809412,1,1855529,1855529
7809409,1,1855528,1855528
7809408,1,1855527,1855527
7809406,1,1855526,1855526
7809404,1,1855525,1855525
7809402,1,1855524,1855524
7809399,1,1855523,1855523
7809397,1,1855522,1855522
7809395,1,1855521,1855521
7809393,1,1855520,1855520
7809391,1,1855519,1855519
7809389,1,1855518,1855518
7809386,1,1855517,1855517
7809384,1,1855516,1855516
7809382,1,1855515,1855515
7809380,1,1855514,1855514
7809378,1,1855513,1855513
7809375,1,1855512,1855512
7809373,1,1855511,1855511
7809371,1,1855510,1855510
7809367,1,1855509,1855509
7809365,1,1855508,1855508
7809363,1,1855507,1855507
7809361,1,1855506,1855506
7809359,1,1855505,1855505
7809355,1,1855504,1855504
7809353,1,1855503,1855503
7809350,1,1855502,1855502
7809349,1,1855501,1855501
7809343,1,1855500,1855500
7809341,1,1855499,1855499
7809339,1,1855498,1855498
7809337,1,1855497,1855497
7809335,1,1855496,1855496
7809332,1,1855495,1855495
7809330,1,1855494,1855494
7809328,1,1855493,1855493
7809326,1,1855492,1855492
7809323,1,1855491,1855491
7809320,1,1855490,1855490
